Customer_ID,Age,Interest,Credit_Score,Years_with_Bank
1,62,113.9326979150129,323,19
,65,94.63914919829425,430,1
3,18,67.62001017883286,677,8
4,21,159.3620641,,0
5,21,,,4
6,57,122.31811079635673,448,27
7,27,23.382164078543926,509,27
8,37,131.17438947365787,711,25
9,39,130.17723009003583,,6
10,,131.04811943745625,358,21
11,54,,336,
12,41,142.72765383862702,386,7
13,24,,,24
14,42,98.66575168388147,311,24
15,42,145.57361526690767,607,15
16,30,30.84058489326857,380,9
17,19,140.01800878022019,332,18
18,56,140.7148165312687,482,8
19,57,57.868860993291364,428,22
20,41,43.20673357787359,575,15
21,64,76.77710317,474,11
22,42,85.46793876967207,671,
23,35,122.63541867521833,484,15
24,55,98.94827242321766,744,
25,43,197.9072908506607,788,25
26,31,38.36806593464505,586,1
27,26,57.59781609707024,580,22
28,27,,815,12
29,38,137.5594985837717,394,24
30,69,65.59248845716078,,29
31,34,103.93593911413514,569,24
32,,63.99660656028849,596,3
33,23,48.61452505619355,628,
34,33,39.867525409574924,319,15
35,65,138.13932610374923,710,3
36,18,44.87293124275048,750,10
37,36,55.38482510240963,548,12
38,53,86.37053071897354,480,6
39,42,167.77878137262832,623,3
40,67,37.47822964275103,,22
41,69,,439,
42,47,37.297713420913354,761,29
,37,195.76270370241124,828,5
44,37,104.35721629658629,,23
45,32,195.8169958742607,449,11
46,57,128.87219355410826,410,0
47,,153.0674442916943,,11
48,19,27.053802605777722,764,
49,27,70.90525326375372,,20
50,50,41.63538102,745,10