laptop_ID,Company,Product,TypeName,Inches,ScreenResolution,Cpu,Ram,Memory,Gpu,OpSys,Weight,Price_euros
1,Apple,MacBook Pro,Ultrabook,13.3,IPS Panel Retina Display 2560x1600,Intel Core i5 2.3GHz,8GB,128GB SSD,Intel Iris Plus Graphics 640,macOS,1.37kg,1339.69
2,Apple,Macbook Air,Ultrabook,13.3,1440x900,Intel Core i5 1.8GHz,8GB,128GB Flash Storage,Intel HD Graphics 6000,macOS,1.34kg,898.94
3,HP,250 G6,Notebook,15.6,Full HD 1920x1080,Intel Core i5 7200U 2.5GHz,8GB,256GB SSD,Intel HD Graphics 620,No OS,1.86kg,575
4,Apple,MacBook Pro,Ultrabook,15.4,IPS Panel Retina Display 2880x1800,Intel Core i7 2.7GHz,16GB,512GB SSD,AMD Radeon Pro 455,macOS,1.83kg,2537.45
5,Apple,MacBook Pro,Ultrabook,13.3,IPS Panel Retina Display 2560x1600,Intel Core i5 3.1GHz,8GB,256GB SSD,Intel Iris Plus Graphics 650,macOS,1.37kg,1803.6
6,Acer,Aspire 3,Notebook,15.6,1366x768,AMD A9-Series 9420 3GHz,4GB,500GB HDD,AMD Radeon R5,Windows 10,2.1kg,400
7,Apple,MacBook Pro,Ultrabook,15.4,IPS Panel Retina Display 2880x1800,Intel Core i7 2.2GHz,16GB,256GB Flash Storage,Intel Iris Pro Graphics,Mac OS X,2.04kg,2139.97
8,Apple,Macbook Air,Ultrabook,13.3,1440x900,Intel Core i5 1.8GHz,8GB,256GB Flash Storage,Intel HD Graphics 6000,macOS,1.34kg,1158.7
9,Asus,ZenBook UX430UN,Ultrabook,14,Full HD 1920x1080,Intel Core i7 8550U 1.8GHz,16GB,512GB SSD,Nvidia GeForce MX150,Windows 10,1.3kg,1495
10,Acer,Swift 3,Ultrabook,14,IPS Panel Full HD 1920x1080,Intel Core i5 8250U 1.6GHz,8GB,256GB SSD,Intel UHD Graphics 620,Windows 10,1.6kg,770
11,HP,250 G6,Notebook,15.6,1366x768,Intel Core i5 7200U 2.5GHz,4GB,500GB HDD,Intel HD Graphics 620,No OS,1.86kg,393.9
12,HP,250 G6,Notebook,15.6,Full HD 1920x1080,Intel Core i3 6006U 2GHz,4GB,500GB HDD,Intel HD Graphics 520,No OS,1.86kg,344.99
13,Apple,MacBook Pro,Ultrabook,15.4,IPS Panel Retina Display 2880x1800,Intel Core i7 2.8GHz,16GB,256GB SSD,AMD Radeon Pro 555,macOS,1.83kg,2439.97
14,Dell,Inspiron 3567,Notebook,15.6,Full HD 1920x1080,Intel Core i3 6006U 2GHz,4GB,256GB SSD,AMD Radeon R5 M430,Windows 10,2.2kg,498.9
15,Apple,"MacBook 12""",Ultrabook,12,IPS Panel Retina Display 2304x1440,Intel Core M m3 1.2GHz,8GB,256GB SSD,Intel HD Graphics 615,macOS,0.92kg,1262.4
16,Apple,MacBook Pro,Ultrabook,13.3,IPS Panel Retina Display 2560x1600,Intel Core i5 2.3GHz,8GB,256GB SSD,Intel Iris Plus Graphics 640,macOS,1.37kg,1518.55
17,Dell,Inspiron 3567,Notebook,15.6,Full HD 1920x1080,Intel Core i7 7500U 2.7GHz,8GB,256GB SSD,AMD Radeon R5 M430,Windows 10,2.2kg,745
18,Apple,MacBook Pro,Ultrabook,15.4,IPS Panel Retina Display 2880x1800,Intel Core i7 2.9GHz,16GB,512GB SSD,AMD Radeon Pro 560,macOS,1.83kg,2858
19,Lenovo,IdeaPad 320-15IKB,Notebook,15.6,Full HD 1920x1080,Intel Core i3 7100U 2.4GHz,8GB,1TB HDD,Nvidia GeForce 940MX,No OS,2.2kg,499
20,Dell,XPS 13,Ultrabook,13.3,IPS Panel Full HD / Touchscreen 1920x1080,Intel Core i5 8250U 1.6GHz,8GB,128GB SSD,Intel UHD Graphics 620,Windows 10,1.22kg,979
21,Asus,Vivobook E200HA,Netbook,11.6,1366x768,Intel Atom x5-Z8350 1.44GHz,2GB,32GB Flash Storage,Intel HD Graphics 400,Windows 10,0.98kg,191.9
22,Lenovo,Legion Y520-15IKBN,Gaming,15.6,IPS Panel Full HD 1920x1080,Intel Core i5 7300HQ 2.5GHz,8GB,128GB SSD +  1TB HDD,Nvidia GeForce GTX 1050,Windows 10,2.5kg,999
23,HP,255 G6,Notebook,15.6,1366x768,AMD E-Series E2-9000e 1.5GHz,4GB,500GB HDD,AMD Radeon R2,No OS,1.86kg,258
24,Dell,Inspiron 5379,2 in 1 Convertible,13.3,Full HD / Touchscreen 1920x1080,Intel Core i5 8250U 1.6GHz,8GB,256GB SSD,Intel UHD Graphics 620,Windows 10,1.62kg,819
25,HP,15-BS101nv (i7-8550U/8GB/256GB/FHD/W10),Ultrabook,15.6,Full HD 1920x1080,Intel Core i7 8550U 1.8GHz,8GB,256GB SSD,Intel HD Graphics 620,Windows 10,1.91kg,659
26,Dell,Inspiron 3567,Notebook,15.6,1366x768,Intel Core i3 6006U 2GHz,4GB,1TB HDD,Intel HD Graphics 520,Windows 10,2.3kg,418.64
27,Apple,MacBook Air,Ultrabook,13.3,1440x900,Intel Core i5 1.6GHz,8GB,128GB Flash Storage,Intel HD Graphics 6000,Mac OS X,1.35kg,1099
28,Dell,Inspiron 5570,Notebook,15.6,Full HD 1920x1080,Intel Core i5 8250U 1.6GHz,8GB,256GB SSD,AMD Radeon 530,Windows 10,2.2kg,800
29,Dell,Latitude 5590,Ultrabook,15.6,Full HD 1920x1080,Intel Core i7 8650U 1.9GHz,8GB,256GB SSD +  256GB SSD,Intel UHD Graphics 620,Windows 10,1.88kg,1298
30,HP,ProBook 470,Notebook,17.3,Full HD 1920x1080,Intel Core i5 8250U 1.6GHz,8GB,1TB HDD,Nvidia GeForce 930MX,Windows 10,2.5kg,896
31,Chuwi,"LapBook 15.6""",Notebook,15.6,Full HD 1920x1080,Intel Atom x5-Z8300 1.44GHz,4GB,64GB Flash Storage,Intel HD Graphics,Windows 10,1.89kg,244.99
32,Asus,E402WA-GA010T (E2-6110/2GB/32GB/W10),Notebook,14,1366x768,AMD E-Series E2-6110 1.5GHz,2GB,32GB Flash Storage,AMD Radeon R2,Windows 10,1.65kg,199
33,HP,17-ak001nv (A6-9220/4GB/500GB/Radeon,Notebook,17.3,Full HD 1920x1080,AMD A6-Series 9220 2.5GHz,4GB,500GB HDD,AMD Radeon 530,Windows 10,2.71kg,439
34,Dell,XPS 13,Ultrabook,13.3,Touchscreen / Quad HD+ 3200x1800,Intel Core i7 8550U 1.8GHz,16GB,512GB SSD,Intel UHD Graphics 620,Windows 10,1.2kg,1869
35,Apple,MacBook Air,Ultrabook,13.3,1440x900,Intel Core i5 1.6GHz,8GB,256GB Flash Storage,Intel HD Graphics 6000,Mac OS X,1.35kg,998
36,Lenovo,IdeaPad 120S-14IAP,Notebook,14,1366x768,Intel Celeron Dual Core N3350 1.1GHz,4GB,64GB Flash Storage,Intel HD Graphics 500,Windows 10,1.44kg,249
37,Acer,Aspire 3,Notebook,15.6,1366x768,Intel Core i3 7130U 2.7GHz,4GB,1TB HDD,Intel HD Graphics 620,Linux,2.1kg,367
38,Dell,Inspiron 5770,Notebook,17.3,IPS Panel Full HD 1920x1080,Intel Core i5 8250U 1.6GHz,8GB,128GB SSD +  1TB HDD,AMD Radeon 530,Windows 10,2.8kg,979
39,HP,250 G6,Notebook,15.6,1366x768,Intel Core i5 7200U 2.5GHz,4GB,1TB HDD,Intel HD Graphics 620,Windows 10,1.86kg,488.69
40,HP,ProBook 450,Notebook,15.6,Full HD 1920x1080,Intel Core i5 8250U 1.6GHz,8GB,256GB SSD,Nvidia GeForce 930MX ,Windows 10,2.1kg,879
41,Asus,X540UA-DM186 (i3-6006U/4GB/1TB/FHD/Linux),Notebook,15.6,Full HD 1920x1080,Intel Core i3 6006U 2GHz,4GB,1TB HDD,Intel HD Graphics 620,Linux,2kg,389
42,Dell,Inspiron 7577,Gaming,15.6,IPS Panel Full HD 1920x1080,Intel Core i7 7700HQ 2.8GHz,16GB,256GB SSD +  1TB HDD,Nvidia GeForce GTX 1060,Windows 10,2.65kg,1499
43,Asus,X542UQ-GO005 (i5-7200U/8GB/1TB/GeForce,Notebook,15.6,1366x768,Intel Core i5 7200U 2.5GHz,8GB,1TB HDD,Nvidia GeForce 940MX,Linux,2.3kg,522.99
44,Acer,Aspire A515-51G,Notebook,15.6,IPS Panel Full HD 1920x1080,Intel Core i5 8250U 1.6GHz,4GB,256GB SSD,Intel UHD Graphics 620,Windows 10,2.2kg,682
45,Dell,Inspiron 7773,2 in 1 Convertible,17.3,Full HD / Touchscreen 1920x1080,Intel Core i5 8250U 1.6GHz,12GB,1TB HDD,Nvidia GeForce 150MX,Windows 10,2.77kg,999
46,Apple,MacBook Pro,Ultrabook,13.3,IPS Panel Retina Display 2560x1600,Intel Core i5 2.0GHz,8GB,256GB SSD,Intel Iris Graphics 540,macOS,1.37kg,1419
47,Lenovo,IdeaPad 320-15ISK,Notebook,15.6,1366x768,Intel Core i3 6006U 2GHz,4GB,128GB SSD,Intel HD Graphics 520,No OS,2.2kg,369
48,Asus,Rog Strix,Gaming,17.3,Full HD 1920x1080,AMD Ryzen 1700 3GHz,8GB,256GB SSD +  1TB HDD,AMD Radeon RX 580,Windows 10,3.2kg,1299
49,Dell,Inspiron 3567,Notebook,15.6,Full HD 1920x1080,Intel Core i5 7200U 2.5GHz,4GB,256GB SSD,AMD Radeon R5 M430,Windows 10,2.3kg,639
50,Asus,X751NV-TY001T (N4200/4GB/1TB/GeForce,Notebook,17.3,1366x768,Intel Pentium Quad Core N4200 1.1GHz,4GB,1TB HDD,Nvidia GeForce 920MX,Windows 10,2.8kg,466
51,Lenovo,Yoga Book,2 in 1 Convertible,10.1,IPS Panel Touchscreen 1920x1200,Intel Atom x5-Z8550 1.44GHz,4GB,64GB Flash Storage,Intel HD Graphics 400,Android,0.69kg,319
52,Acer,Aspire A515-51G,Notebook,15.6,IPS Panel Full HD 1920x1080,Intel Core i7 8550U 1.8GHz,8GB,256GB SSD,Nvidia GeForce MX150,Windows 10,2.2kg,841
53,HP,255 G6,Notebook,15.6,Full HD 1920x1080,AMD A6-Series 9220 2.5GHz,4GB,256GB SSD,AMD Radeon R4 Graphics,Windows 10,1.86kg,398.49
54,HP,ProBook 430,Notebook,13.3,Full HD 1920x1080,Intel Core i7 8550U 1.8GHz,8GB,512GB SSD,Intel UHD Graphics 620,Windows 10,1.49kg,1103
55,Acer,Aspire 3,Notebook,15.6,1366x768,Intel Core i3 7100U 2.4GHz,4GB,1TB HDD,Intel HD Graphics 620,Windows 10,2.4kg,384
56,Dell,Inspiron 3576,Notebook,15.6,Full HD 1920x1080,Intel Core i7 8550U 1.8GHz,8GB,256GB SSD,AMD Radeon 520,Windows 10,2.13kg,767.8
57,HP,15-bs002nv (i3-6006U/4GB/128GB/FHD/W10),Notebook,15.6,Full HD 1920x1080,Intel Core i3 6006U 2GHz,4GB,128GB SSD,Intel HD Graphics 520,Windows 10,1.91kg,439
58,Asus,VivoBook Max,Notebook,15.6,1366x768,Intel Core i5 7200U 2.5GHz,4GB,256GB SSD,Intel HD Graphics 620,Windows 10,2kg,586.19
59,MSI,GS73VR 7RG,Gaming,17.3,Full HD 1920x1080,Intel Core i7 7700HQ 2.8GHz,16GB,256GB SSD +  2TB HDD,Nvidia GeForce GTX 1070,Windows 10,2.43kg,2449
60,Asus,X541UA-DM1897 (i3-6006U/4GB/256GB/FHD/Linux),Notebook,15.6,Full HD 1920x1080,Intel Core i3 6006U 2GHz,4GB,256GB SSD,Intel HD Graphics 520,Linux,2kg,415
61,Dell,Inspiron 5770,Notebook,17.3,Full HD 1920x1080,Intel Core i7 8550U 1.8GHz,16GB,256GB SSD +  2TB HDD,AMD Radeon 530,Windows 10,2.8kg,1299
62,Dell,Vostro 5471,Ultrabook,14,Full HD 1920x1080,Intel Core i5 8250U 1.6GHz,8GB,256GB SSD,Intel UHD Graphics 620,Windows 10,1.7kg,879
63,Lenovo,IdeaPad 520S-14IKB,Notebook,14,IPS Panel Full HD 1920x1080,Intel Core i3 7130U 2.7GHz,8GB,256GB SSD,Intel HD Graphics 620,No OS,1.7kg,599
64,Asus,UX410UA-GV350T (i5-8250U/8GB/256GB/FHD/W10),Notebook,14,Full HD 1920x1080,Intel Core i5 8250U 1.6GHz,8GB,256GB SSD,Intel UHD Graphics 620,Windows 10,1.4kg,941
66,HP,250 G6,Notebook,15.6,Full HD 1920x1080,Intel Core i5 7200U 2.5GHz,8GB,256GB SSD,Intel HD Graphics 620,Windows 10,1.86kg,690
67,Asus,ZenBook Pro,Ultrabook,15.6,Full HD 1920x1080,Intel Core i7 7700HQ 2.8GHz,16GB,512GB SSD,Nvidia GeForce GTX 1050 Ti,Windows 10,1.8kg,1983
68,HP,250 G6,Notebook,15.6,1366x768,Intel Core i3 6006U 2GHz,4GB,500GB HDD,AMD Radeon 520,Windows 10,1.86kg,438.69
69,HP,Stream 14-AX040wm,Notebook,14,1366x768,Intel Celeron Dual Core N3060 1.6GHz,4GB,32GB SSD,Intel HD Graphics 400,Windows 10,1.44kg,229
70,Lenovo,V310-15ISK (i5-7200U/4GB/1TB/FHD/W10),Notebook,15.6,Full HD 1920x1080,Intel Core i5 7200U 2.5GHz,4GB,1TB HDD,Intel HD Graphics 620,Windows 10,1.9kg,549
71,Asus,FX753VE-GC093 (i7-7700HQ/12GB/1TB/GeForce,Gaming,17.3,Full HD 1920x1080,Intel Core i7 7700HQ 2.8GHz,12GB,1TB HDD,Nvidia GeForce GTX 1050 Ti,Linux,3kg,949
72,Microsoft,Surface Laptop,Ultrabook,13.5,Touchscreen 2256x1504,Intel Core i5 7200U 2.5GHz,4GB,128GB SSD,Intel HD Graphics 620,Windows 10 S,1.252kg,1089
73,Dell,Inspiron 5370,Ultrabook,13.3,IPS Panel Full HD 1920x1080,Intel Core i7 8550U 1.8GHz,8GB,256GB SSD,AMD Radeon 530,Windows 10,1.4kg,955
74,Dell,Inspiron 5570,Notebook,15.6,Full HD 1920x1080,Intel Core i7 8550U 1.8GHz,8GB,256GB SSD,AMD Radeon 530,Windows 10,2.2kg,870
75,MSI,GL72M 7RDX,Gaming,17.3,Full HD 1920x1080,Intel Core i5 7300HQ 2.5GHz,8GB,128GB SSD +  1TB HDD,Nvidia GeForce GTX 1050,Windows 10,2.7kg,1095
76,Acer,Aspire E5-475,Notebook,14,1366x768,Intel Core i3 6006U 2GHz,8GB,1TB HDD,Intel HD Graphics 520,Windows 10,2.1kg,389
77,Asus,FX503VD-E4022T (i7-7700HQ/8GB/1TB/GeForce,Gaming,15.6,Full HD 1920x1080,Intel Core i7 7700HQ 2.8GHz,8GB,1TB HDD,Nvidia GeForce GTX 1050,Windows 10,2.2kg,949
78,Lenovo,IdeaPad 320-15IKBN,Notebook,15.6,Full HD 1920x1080,Intel Core i5 7200U 2.5GHz,8GB,2TB HDD,Intel HD Graphics 620,No OS,2.2kg,519
79,Dell,Inspiron 5570,Notebook,15.6,Full HD 1920x1080,Intel Core i7 8550U 1.8GHz,8GB,128GB SSD +  1TB HDD,Intel UHD Graphics 620,Windows 10,2.02kg,855
80,Acer,Aspire A515-51G-32MX,Notebook,15.6,Full HD 1920x1080,Intel Core i3 7130U 2.7GHz,4GB,1TB HDD,Nvidia GeForce MX130,Windows 10,2.2kg,530
81,HP,ProBook 470,Notebook,17.3,Full HD 1920x1080,Intel Core i5 8250U 1.6GHz,8GB,128GB SSD +  1TB HDD,Nvidia GeForce 930MX,Windows 10,2.5kg,977
82,Dell,Latitude 5590,Ultrabook,15.6,IPS Panel Full HD 1920x1080,Intel Core i5 8250U 1.6GHz,8GB,256GB SSD,Intel UHD Graphics 620,Windows 10,1.88kg,1096.16
83,Apple,"MacBook 12""",Ultrabook,12,IPS Panel Retina Display 2304x1440,Intel Core i5 1.3GHz,8GB,512GB SSD,Intel HD Graphics 615,macOS,0.92kg,1510
84,HP,ProBook 440,Notebook,14,Full HD 1920x1080,Intel Core i5 8250U 1.6GHz,8GB,256GB SSD,Intel HD Graphics 620,Windows 10,1.63kg,860
85,Lenovo,IdeaPad 320-15AST,Notebook,15.6,Full HD 1920x1080,AMD A6-Series 9220 2.5GHz,4GB,128GB SSD,AMD R4 Graphics,Windows 10,2.2kg,399
86,Acer,Aspire 3,Notebook,15.6,1366x768,AMD A9-Series 9420 3GHz,4GB,1TB HDD,AMD Radeon R5,Windows 10,2.1kg,395
87,Dell,Inspiron 7577,Gaming,15.6,IPS Panel Full HD 1920x1080,Intel Core i7 7700HQ 2.8GHz,16GB,128GB SSD +  1TB HDD,Nvidia GeForce GTX 1050 Ti,Windows 10,2.65kg,1349
88,HP,Pavilion 15-CK000nv,Ultrabook,15.6,IPS Panel Full HD 1920x1080,Intel Core i7 8550U 1.8GHz,8GB,256GB SSD,Nvidia GeForce GTX 940MX,Windows 10,1.83kg,699
89,HP,250 G6,Notebook,15.6,Full HD 1920x1080,Intel Core i5 7200U 2.5GHz,8GB,256GB SSD,Intel HD Graphics 620,Windows 10,1.96kg,598.99
90,Asus,FX503VM-E4007T (i7-7700HQ/16GB/1TB,Gaming,15.6,IPS Panel Full HD 1920x1080,Intel Core i7 7700HQ 2.8GHz,16GB,128GB SSD +  1TB HDD,Nvidia GeForce GTX 1060,Windows 10,2.2kg,1449
91,Dell,XPS 13,Ultrabook,13.3,IPS Panel Full HD 1920x1080,Intel Core i7 8550U 1.8GHz,8GB,256GB SSD,Intel UHD Graphics 620,Windows 10,1.21kg,1649
92,Asus,FX550IK-DM018T (FX-9830P/8GB/1TB/Radeon,Gaming,15.6,Full HD 1920x1080,AMD FX 9830P 3GHz,8GB,1TB HDD,AMD Radeon RX 560,Windows 10,2.45kg,699
93,Acer,Aspire 5,Notebook,15.6,Full HD 1920x1080,Intel Core i7 8550U 1.8GHz,8GB,1TB HDD,Nvidia GeForce MX150,Windows 10,2.2kg,689
94,HP,Probook 430,Notebook,13.3,Full HD 1920x1080,Intel Core i7 8550U 1.8GHz,16GB,512GB SSD,Intel UHD Graphics 620,Windows 10,1.49kg,1197
95,Dell,Inspiron 7577,Gaming,15.6,Full HD 1920x1080,Intel Core i5 7300HQ 2.5GHz,8GB,256GB SSD,Nvidia GeForce GTX 1060,Windows 10,2.65kg,1195
96,Asus,Zenbook UX430UA,Ultrabook,14,Full HD 1920x1080,Intel Core i7 7500U 2.7GHz,8GB,256GB SSD,Intel HD Graphics 620,Windows 10,1.25kg,1049
97,Acer,Spin 5,2 in 1 Convertible,13.3,IPS Panel Full HD / Touchscreen 1920x1080,Intel Core i5 8250U 1.6GHz,8GB,256GB SSD,Intel UHD Graphics 620,Windows 10,1.5kg,847
98,Dell,Inspiron 3567,Notebook,15.6,Full HD 1920x1080,Intel Core i7 7500U 2.7GHz,8GB,1TB HDD,AMD Radeon R5 M430,Linux,2.2kg,599.9
99,Dell,Inspiron 3567,Notebook,15.6,Full HD 1920x1080,Intel Core i3 6006U 2GHz,4GB,256GB SSD,AMD Radeon R5 M430,Linux,2.2kg,485
100,Asus,X541UV-DM1439T (i3-7100U/6GB/256GB/GeForce,Notebook,15.6,Full HD 1920x1080,Intel Core i3 7100U 2.4GHz,6GB,256GB SSD,Nvidia GeForce 920M,Windows 10,2kg,577
102,HP,Omen 15-ce007nv,Gaming,15.6,IPS Panel Full HD 1920x1080,Intel Core i7 7700HQ 2.8GHz,12GB,128GB SSD +  1TB HDD,Nvidia GeForce GTX 1050,Windows 10,2.62kg,1249
103,HP,15-bs017nv (i7-7500U/8GB/256GB/Radeon,Notebook,15.6,Full HD 1920x1080,Intel Core i7 7500U 2.7GHz,8GB,256GB SSD,AMD Radeon 530,Windows 10,1.91kg,719
104,HP,15-bw000nv (E2-9000e/4GB/500GB/Radeon,Notebook,15.6,Full HD 1920x1080,AMD E-Series E2-9000e 1.5GHz,4GB,500GB HDD,AMD Radeon R2,Windows 10,2.1kg,349
105,Dell,Inspiron 3576,Notebook,15.6,Full HD 1920x1080,Intel Core i5 8250U 1.6GHz,8GB,1TB HDD,AMD Radeon 520,Linux,2.2kg,647
106,HP,Envy 13-ad009n,Ultrabook,13.3,IPS Panel Full HD 1920x1080,Intel Core i7 7500U 2.7GHz,8GB,256GB SSD,Nvidia GeForce MX150,Windows 10,1.38kg,1119
107,Microsoft,Surface Laptop,Ultrabook,13.5,Touchscreen 2256x1504,Intel Core i5 7200U 2.5GHz,8GB,256GB SSD,Intel HD Graphics 620,Windows 10 S,1.252kg,1340
108,HP,Pavilion 14-BK001nv,Notebook,14,IPS Panel Full HD 1920x1080,Intel Core i5 7200U 2.5GHz,6GB,256GB SSD,Nvidia GeForce 940MX,Windows 10,1.58kg,659
109,Lenovo,Ideapad 310-15ISK,Notebook,15.6,Full HD 1920x1080,Intel Core i3 6006U 2GHz,4GB,1TB HDD,Intel HD Graphics 520,Windows 10,1.85kg,414.9
110,Asus,UX430UQ-GV209R (i7-7500U/8GB/256GB/GeForce,Ultrabook,14,IPS Panel Full HD 1920x1080,Intel Core i7 7500U 2.7GHz,8GB,256GB SSD,Nvidia GeForce 940MX,Windows 10,1.3kg,1193
111,MSI,GP62M 7REX,Gaming,15.6,Full HD 1920x1080,Intel Core i7 7700HQ 2.8GHz,16GB,256GB SSD +  1TB HDD,Nvidia GeForce GTX 1050 Ti,Windows 10,2.2kg,1299
112,Lenovo,Thinkpad T470,Notebook,14,IPS Panel Full HD 1920x1080,Intel Core i7 7500U 2.7GHz,8GB,256GB SSD,Intel HD Graphics 620,Windows 10,1.58kg,1480
113,Asus,VivoBook S15,Ultrabook,15.6,Full HD 1920x1080,Intel Core i7 8550U 1.8GHz,16GB,256GB SSD +  1TB HDD,Nvidia GeForce MX150,Windows 10,1.5kg,1262
114,Dell,XPS 13,Ultrabook,13.3,Quad HD+ / Touchscreen 3200x1800,Intel Core i7 7560U 2.4GHz,8GB,256GB SSD,Intel Iris Plus Graphics 640,Windows 10,1.23kg,1379
115,Lenovo,ThinkPad Yoga,2 in 1 Convertible,13.3,IPS Panel Full HD / Touchscreen 1920x1080,Intel Core i5 7200U 2.5GHz,8GB,256GB SSD,Intel HD Graphics 620,Windows 10,1.37kg,1399
116,HP,Probook 440,Notebook,14,IPS Panel 1366x768,Intel Core i5 8250U 1.6GHz,4GB,500GB HDD,Intel UHD Graphics 620,Windows 10,1.63kg,722
117,Dell,XPS 13,Ultrabook,13.3,IPS Panel Full HD 1920x1080,Intel Core i5 8250U 1.6GHz,8GB,256GB SSD,Intel UHD Graphics 620,Windows 10,1.21kg,1629
118,HP,Spectre x360,2 in 1 Convertible,13.3,IPS Panel Full HD / Touchscreen 1920x1080,Intel Core i5 8250U 1.6GHz,8GB,256GB SSD,Intel UHD Graphics 620,Windows 10,1.26kg,1398.99
119,HP,Probook 440,Notebook,14,Full HD 1920x1080,Intel Core i7 8550U 1.8GHz,8GB,512GB SSD,Intel UHD Graphics 620,Windows 10,1.63kg,1084
120,Dell,Inspiron 7570,Notebook,15.6,IPS Panel Full HD 1920x1080,Intel Core i7 8550U 1.8GHz,8GB,256GB SSD +  1TB HDD,Nvidia GeForce 940MX,Windows 10,2.16kg,1130.33
121,Asus,X705UV-BX074T (i3-6006U/4GB/1TB/GeForce,Notebook,17.3,Full HD 1920x1080,Intel Core i3 6006U 2GHz,4GB,1TB HDD,Nvidia GeForce 920MX,Windows 10,2kg,564
122,Asus,VivoBook S15,Notebook,15.6,Full HD 1920x1080,Intel Core i7 8550U 1.8GHz,8GB,256GB SSD,Nvidia GeForce 940MX,Windows 10,1.7kg,1118
123,Acer,Spin 3,Notebook,15.6,IPS Panel Full HD / Touchscreen 1920x1080,Intel Core i3 7100U 2.4GHz,6GB,1TB HDD,Intel HD Graphics 620,Windows 10,2.1kg,479
124,MSI,GS63VR 7RG,Gaming,15.6,Full HD 1920x1080,Intel Core i7 7700HQ 2.8GHz,16GB,256GB SSD +  2TB HDD,Nvidia GeForce GTX 1070,Windows 10,1.8kg,2241.5
125,Lenovo,IdeaPad 320-15IKBN,Notebook,15.6,Full HD 1920x1080,Intel Core i5 7200U 2.5GHz,8GB,256GB SSD,Nvidia GeForce 940MX,No OS,2.2kg,629
126,HP,Probook 470,Notebook,17.3,Full HD 1920x1080,Intel Core i7 8550U 1.8GHz,16GB,512GB SSD,Nvidia GeForce 930MX ,Windows 10,2.5kg,1271
127,Acer,Aspire 3,Notebook,15.6,1366x768,AMD A9-Series 9420 3GHz,4GB,256GB SSD,AMD Radeon R5,Windows 10,2.1kg,451
128,HP,250 G6,Notebook,15.6,1366x768,Intel Celeron Dual Core N3060 1.6GHz,4GB,500GB HDD,Intel HD Graphics 400,No OS,1.86kg,259
129,HP,Probook 440,Notebook,14,Full HD 1920x1080,Intel Core i5 8250U 1.6GHz,8GB,1TB HDD,Intel UHD Graphics 620,Windows 10,1.63kg,812
130,Asus,E402WA-GA007T (E2-6110/4GB/64GB/W10,Notebook,14,1366x768,AMD E-Series 6110 1.5GHz,4GB,64GB SSD,AMD Radeon R2,Windows 10 S,1.65kg,277.99
131,Dell,Inspiron 5770,Notebook,17.3,Full HD 1920x1080,Intel Core i7 8550U 1.8GHz,16GB,256GB SSD +  2TB HDD,AMD Radeon 530,Windows 10,2.8kg,1396
132,HP,ProBook 470,Notebook,17.3,Full HD 1920x1080,Intel Core i5 8250U 1.6GHz,8GB,256GB SSD,Intel UHD Graphics 620,Windows 10,2.5kg,928
133,Dell,Inspiron 5567,Notebook,15.6,1366x768,Intel Core i5 7200U 2.5GHz,8GB,1TB HDD,AMD Radeon R7 M445,Windows 10,2.36kg,638.99
134,Dell,Inspiron 3567,Notebook,15.6,Full HD 1920x1080,Intel Core i3 6006U 2GHz,4GB,1TB HDD,AMD Radeon R5 M430,Windows 10,2.2kg,449
135,Acer,Swift 3,Ultrabook,14,IPS Panel Full HD 1920x1080,Intel Core i7 8550U 1.8GHz,8GB,256GB SSD,Intel UHD Graphics 620,Windows 10,1.6kg,884
136,Acer,Aspire A515-51G-37JS,Notebook,15.6,Full HD 1920x1080,Intel Core i3 7130U 2.7GHz,4GB,256GB SSD,Nvidia GeForce MX130,Windows 10,2.2kg,572
137,HP,15-BS078nr (i7-7500U/8GB/1TB/W10),Notebook,15.6,1366x768,Intel Core i7 7500U 2.7GHz,8GB,1TB HDD,Intel HD Graphics 620,Windows 10,2.05kg,598
138,HP,Probook 440,Notebook,14,Full HD 1920x1080,Intel Core i7 8550U 1.8GHz,8GB,256GB SSD,Intel UHD Graphics 620,Windows 10,1.63kg,988
139,Lenovo,V110-15IAP (N3350/4GB/1TB/No,Notebook,15.6,1366x768,Intel Celeron Dual Core N3350 1.1GHz,4GB,1TB HDD,Intel HD Graphics 500,No OS,1.9kg,252.36
140,Asus,FX753VD-GC086T (i5-7300HQ/8GB/1TB,Gaming,17.3,Full HD 1920x1080,Intel Core i5 7300HQ 2.5GHz,8GB,128GB SSD +  1TB HDD,Nvidia GeForce GTX 1050,Windows 10,3kg,938
141,Lenovo,IdeaPad 320-15IKBN,Notebook,15.6,Full HD 1920x1080,Intel Core i5 7200U 2.5GHz,4GB,1TB HDD,Nvidia GeForce 920MX,No OS,2.2kg,499
142,HP,Envy 13-AD007nv,Notebook,13.3,IPS Panel Full HD 1920x1080,Intel Core i5 7200U 2.5GHz,4GB,256GB SSD,Intel HD Graphics 620,Windows 10,1.32kg,699
143,Acer,Aspire 5,Notebook,17.3,IPS Panel Full HD 1920x1080,Intel Core i3 7130U 2.7GHz,4GB,1TB HDD,Nvidia GeForce MX130,Windows 10,3kg,655
144,Lenovo,ThinkPad E480,Notebook,14,IPS Panel Full HD 1920x1080,Intel Core i5 8250U 1.6GHz,8GB,256GB SSD,AMD Radeon RX 550,Windows 10,1.75kg,1116.02
145,Lenovo,Legion Y520-15IKBN,Gaming,15.6,IPS Panel Full HD 1920x1080,Intel Core i7 7700HQ 2.8GHz,8GB,256GB SSD,Nvidia GeForce GTX 1050M,No OS,2.4kg,869
146,Toshiba,Satellite Pro,Notebook,15.6,1366x768,Intel Core i5 6200U 2.3GHz,4GB,500GB HDD,Intel HD Graphics 520,Windows 10,2.1kg,602
147,HP,255 G6,Notebook,15.6,1366x768,AMD A6-Series 9220 2.5GHz,4GB,256GB SSD,AMD Radeon R4 Graphics,Windows 10,1.86kg,369
148,Asus,ZenBook UX430UA,Ultrabook,14,Full HD 1920x1080,Intel Core i7 8550U 1.8GHz,8GB,256GB SSD,Intel UHD Graphics 620,Windows 10,1.25kg,1099
149,HP,EliteBook Folio,Ultrabook,12.5,IPS Panel 4K Ultra HD / Touchscreen 3840x2160,Intel Core M 6Y75 1.2GHz,8GB,512GB SSD,Intel HD Graphics 515,Windows 10,0.97kg,2014
150,Asus,X541NA (N3350/4GB/1TB/FHD/W10),Notebook,15.6,Full HD 1920x1080,Intel Celeron Dual Core N3350 1.1GHz,4GB,1TB HDD,Intel HD Graphics 500,Windows 10,2kg,344
151,MSI,GE72MVR 7RG,Gaming,17.3,Full HD 1920x1080,Intel Core i7 7700HQ 2.8GHz,16GB,256GB SSD +  1TB HDD,Nvidia GeForce GTX 1070,Windows 10,2.9kg,2029
152,Acer,Aspire A315-51,Notebook,15.6,1366x768,Intel Core i3 6006U 2GHz,4GB,1TB HDD,Intel HD Graphics 520,Windows 10,2.1kg,447
153,Dell,Inspiron 5577,Gaming,15.6,Full HD 1920x1080,Intel Core i7 7700HQ 2.8GHz,16GB,512GB SSD,Nvidia GeForce GTX 1050,Windows 10,2.56kg,1249.26
154,Dell,Inspiron 7567,Gaming,15.6,Full HD 1920x1080,Intel Core i7 7700HQ 2.8GHz,8GB,1.0TB Hybrid,Nvidia GeForce GTX 1050,Windows 10,2.62kg,899
155,Lenovo,V110-15IKB (i5-7200U/4GB/128GB/W10),Notebook,15.6,1366x768,Intel Core i5 7200U 2.5GHz,4GB,128GB SSD,Intel HD Graphics 620,Windows 10,1.9kg,498
156,MSI,GE73VR 7RE,Gaming,17.3,Full HD 1920x1080,Intel Core i7 7700HQ 2.8GHz,16GB,256GB SSD +  1TB HDD,Nvidia GeForce GTX 1060,Windows 10,2.8kg,1890
157,HP,EliteBook 840,Ultrabook,14,Full HD 1920x1080,Intel Core i5 7500U 2.7GHz,4GB,256GB SSD,Intel HD Graphics 620,Windows 10,1.48kg,1082
158,HP,15-BS103nv (i5-8250U/6GB/256GB/Radeon,Notebook,15.6,Full HD 1920x1080,Intel Core i5 8250U 1.6GHz,6GB,256GB SSD,AMD Radeon 520,Windows 10,1.91kg,619
159,Lenovo,Yoga 520-14IKB,2 in 1 Convertible,14,IPS Panel Full HD / Touchscreen 1920x1080,Intel Core i3 7100U 2.4GHz,4GB,256GB SSD,Intel HD Graphics 620,Windows 10,1.74kg,629
160,Asus,ZenBook Flip,2 in 1 Convertible,13.3,Full HD / Touchscreen 1920x1080,Intel Core i5 8250U 1.6GHz,8GB,256GB SSD,Intel HD Graphics 620,Windows 10,1.1kg,1315
161,Dell,Inspiron 5579,2 in 1 Convertible,15.6,Full HD / Touchscreen 1920x1080,Intel Core i7 8550U 1.8GHz,8GB,256GB SSD,Intel UHD Graphics 620,Windows 10,1.56kg,1049
163,Toshiba,Satellite Pro,Notebook,15.6,1366x768,Intel Core i3 6006U 2.2GHz,4GB,500GB HDD,Intel HD Graphics 520,Windows 10,2.1kg,447
164,Asus,X555BP-XX180T (A9-9420/4GB/1TB/Radeon,Notebook,15.6,1366x768,AMD A9-Series 9420 3GHz,4GB,1TB HDD,AMD Radeon R5 M420,Windows 10,2.03kg,403
165,Acer,Aspire A517-51G,Notebook,17.3,IPS Panel Full HD 1920x1080,Intel Core i5 8250U 1.6GHz,4GB,256GB SSD,Nvidia GeForce MX150,Windows 10,3kg,805
166,Dell,Inspiron 3576,Notebook,15.6,Full HD 1920x1080,Intel Core i5 8250U 1.6GHz,8GB,256GB SSD,AMD Radeon 520,Windows 10,2.13kg,728
167,Lenovo,Legion Y520-15IKBN,Gaming,15.6,IPS Panel Full HD 1920x1080,Intel Core i7 7700HQ 2.8GHz,16GB,256GB SSD,Nvidia GeForce GTX 1050 Ti,Windows 10,2.5kg,1079
168,Acer,Aspire A315-31,Notebook,15.6,1366x768,Intel Celeron Dual Core N3350 1.1GHz,4GB,1TB HDD,Intel HD Graphics 500,Windows 10,2.1kg,348
169,MSI,GE63VR 7RE,Gaming,15.6,IPS Panel Full HD 1920x1080,Intel Core i7 7700HQ 2.8GHz,16GB,256GB SSD +  1TB HDD,Nvidia GeForce GTX 1060,Windows 10,2.4kg,1799
170,Acer,Aspire 3,Notebook,15.6,1366x768,Intel Pentium Quad Core N4200 1.1GHz,4GB,1TB HDD,Intel HD Graphics 505,Windows 10,2.1kg,363.51
171,Dell,Inspiron 5577,Gaming,15.6,Full HD 1920x1080,Intel Core i7 7700HQ 2.8GHz,8GB,128GB SSD +  1TB HDD,Nvidia GeForce GTX 1050,Windows 10,2.56kg,1060.49
172,Acer,Aspire A517-51G,Notebook,17.3,IPS Panel Full HD 1920x1080,Intel Core i5 8250U 1.6GHz,8GB,256GB SSD,Nvidia GeForce MX150,Windows 10,3kg,854
173,HP,ProBook 430,Notebook,13.3,IPS Panel Full HD 1920x1080,Intel Core i5 8250U 1.6GHz,4GB,500GB HDD,Intel UHD Graphics 620,Windows 10,1.49kg,754
174,Huawei,MateBook X,Ultrabook,13,IPS Panel Full HD 2160x1440,Intel Core i5 7200U 2.5GHz,8GB,256GB SSD,Intel HD Graphics 620,Windows 10,1.05kg,1349
175,HP,17-bs001nv (i5-7200U/6GB/2TB/Radeon,Notebook,17.3,IPS Panel Full HD 1920x1080,Intel Core i5 7200U 2.5GHz,6GB,2TB HDD,AMD Radeon 520,Windows 10,2.71kg,699
176,Lenovo,IdeaPad 320-15AST,Notebook,15.6,1366x768,AMD A6-Series 9220 2.9GHz,4GB,500GB HDD,AMD Radeon R4 Graphics,No OS,2.2kg,309
177,Toshiba,Satellite Pro,Notebook,15.6,1366x768,Intel Core i3 7100U 2.4GHz,4GB,500GB HDD,Intel HD Graphics 620,Windows 10,2kg,489
178,HP,ProBook 470,Notebook,17.3,Full HD 1920x1080,Intel Core i5 8250U 1.6GHz,8GB,256GB SSD,Nvidia GeForce 930MX,Windows 10,2.5kg,923
179,Dell,Inspiron 3567,Notebook,15.6,1366x768,Intel Core i3 7100U 2.4GHz,8GB,1TB HDD,Intel HD Graphics 620,Windows 10,2.3kg,459
180,Acer,Aspire A315-51,Notebook,15.6,1366x768,Intel Core i3 6006U 2GHz,4GB,128GB SSD,Intel HD Graphics 520,Windows 10,2.1kg,449
181,MSI,GT80S 6QF-074US,Gaming,18.4,Full HD 1920x1080,Intel Core i7 6920HQ 2.9GHz,32GB,512GB SSD +  1TB HDD,Nvidia GTX 980 SLI,Windows 10,4.4kg,2799
182,Lenovo,V310-15IKB (i5-7200U/8GB/1TB,Notebook,15.6,Full HD 1920x1080,Intel Core i5 7200U 2.5GHz,8GB,128GB SSD +  1TB HDD,AMD R17M-M1-70,Windows 10,1.90kg,813
183,HP,Spectre x360,2 in 1 Convertible,13.3,IPS Panel 4K Ultra HD / Touchscreen 3840x2160,Intel Core i5 8250U 1.6GHz,8GB,256GB SSD,Intel UHD Graphics 620,Windows 10,1.29kg,1499
184,Dell,Inspiron 5570,Notebook,15.6,Full HD 1920x1080,Intel Core i7 8550U 1.8GHz,16GB,256GB SSD +  2TB HDD,AMD Radeon 530,Linux,2.02kg,1049
185,Dell,XPS 13,Ultrabook,13.3,Full HD 1920x1080,Intel Core i5 8250U 1.6GHz,8GB,256GB SSD,Intel UHD Graphics 620,Windows 10,1.23kg,1399
186,Lenovo,Yoga 920-13IKB,2 in 1 Convertible,13.9,IPS Panel 4K Ultra HD / Touchscreen 3840x2160,Intel Core i7 8550U 1.8GHz,16GB,512GB SSD,Intel UHD Graphics 620,Windows 10,1.4kg,1849
187,Toshiba,Satellite Pro,Notebook,15.6,1366x768,Intel Core i5 7200U 2.5GHz,8GB,128GB SSD,Intel HD Graphics 620,Windows 10,2.0kg,793
188,Xiaomi,Mi Notebook,Notebook,15.6,IPS Panel Full HD 1920x1080,Intel Core i5 8250U 1.6GHz,8GB,256GB SSD,Nvidia GeForce MX150,No OS,1.95kg,1199
189,Dell,Inspiron 7773,Notebook,17.3,Full HD / Touchscreen 1920x1080,Intel Core i7 8550U 1.8GHz,16GB,512GB SSD,Nvidia GeForce 150MX,Windows 10,2.77kg,1549
190,Dell,XPS 15,Notebook,15.6,4K Ultra HD / Touchscreen 3840x2160,Intel Core i7 7700HQ 2.8GHz,16GB,512GB SSD,Nvidia GeForce GTX 1050,Windows 10,2.06kg,2397
191,Lenovo,Legion Y520-15IKBN,Gaming,15.6,IPS Panel Full HD 1920x1080,Intel Core i5 7300HQ 2.5GHz,8GB,256GB SSD,Nvidia GeForce GTX 1050,No OS,2.4kg,779
192,Acer,Swift 7,Ultrabook,13.3,IPS Panel Full HD 1920x1080,Intel Core i5 7Y54 1.2GHz,8GB,256GB SSD,Intel HD Graphics 615,Windows 10,1.12kg,989
193,Dell,Inspiron 5770,Notebook,17.3,Full HD 1920x1080,Intel Core i7 8550U 1.8GHz,8GB,128GB SSD +  1TB HDD,AMD Radeon 530,Windows 10,2.8kg,1085
194,Lenovo,Thinkpad Yoga,2 in 1 Convertible,14,Touchscreen 2560x1440,Intel Core i7 7500U 2.7GHz,16GB,1TB SSD,Intel HD Graphics 620,Windows 10,1.42kg,2824
195,Vero,K147 (N3350/4GB/32GB/FHD/W10),Notebook,14,IPS Panel Full HD 1920x1080,Intel Celeron Dual Core N3350 1.1GHz,4GB,32GB Flash Storage,Intel HD Graphics 500,Windows 10,1.3kg,260
196,Xiaomi,Mi Notebook,Ultrabook,13.3,IPS Panel Full HD 1920x1080,Intel Core i5 7200U 2.5GHz,8GB,256GB SSD,Nvidia GeForce MX150,No OS,1.3kg,999.9
197,Lenovo,IdeaPad 320-17IKBR,Notebook,17.3,1600x900,Intel Core i5 8250U 1.6GHz,8GB,256GB SSD,Nvidia GeForce MX150,No OS,2.8kg,698
198,Dell,Inspiron 5379,2 in 1 Convertible,13.3,IPS Panel Full HD / Touchscreen 1920x1080,Intel Core i7 8550U 1.8GHz,8GB,1TB HDD,Intel UHD Graphics 620,Windows 10,1.62kg,839
199,HP,ProBook 470,Notebook,17.3,IPS Panel Full HD 1920x1080,Intel Core i5 8250U 1.6GHz,8GB,1TB HDD,Nvidia GeForce 930MX,Windows 10,2.5kg,914
200,Razer,Blade Pro,Gaming,17.3,4K Ultra HD / Touchscreen 3840x2160,Intel Core i7 7820HK 2.9GHz,32GB,1TB SSD,Nvidia GeForce GTX 1080,Windows 10,3.49kg,6099
201,HP,ProBook 430,Notebook,13.3,Full HD 1920x1080,Intel Core i5 8250U 1.6GHz,8GB,512GB SSD,Intel UHD Graphics 620,Windows 10,1.49kg,959
202,HP,Omen 17-W295,Gaming,17.3,IPS Panel Full HD 1920x1080,Intel Core i7 7700HQ 2.8GHz,16GB,256GB SSD +  1TB HDD,Nvidia GeForce GTX 1050,Windows 10,3.35kg,1379